511a639f-9a79-443a-8ad4-862bd4d8e228,B,F,C,E,I,D,G,A,H,J
04cbbb56-9133-4ecf-8462-06dcc4864273,F,I,J,G,A,H,B,D,C,E
df714267-be08-4c35-b92e-f5f42746e4a8,E,H,G,D,C,B,F,J,I,A
a6f940a2-c5fa-4a3f-8f9f-71d8c9a7d30a,G,F,J,B,I,C,E,H,A,D
86ee3d19-4798-4efb-af39-80672cf28bc3,I,E,D,H,B,A,C,G,J,F
3732d029-1638-4d75-a4a8-d6d3627a8286,A,J,B,H,D,E,F,G,C,I
d384395d-ebab-4b9b-ae9a-463094cea772,J,A,I,F,H,D,B,E,C,G
0bdc1250-12d0-4132-b068-8d9e74abc6c7,F,A,H,J,D,G,E,I,B,C
d987e73b-f6f9-4d59-b079-7afb217e8509,D,J,F,A,B,G,H,I,C,E
70854cf0-e0da-4ea0-ab2a-784cdc9ac164,D,C,B,J,G,H,I,A,E,F
15166c03-803a-4860-ac35-a036c433bafd,F,B,I,J,D,A,H,G,E,C
7c46bc1d-79d2-43af-994d-4c2242337143,F,D,G,J,B,E,I,C,H,A
77922891-65e3-4992-93c0-1694b76a65d7,E,I,B,F,G,J,H,A,D,C
6c895f85-59f7-41b7-97b2-8c8b24cbd1c6,G,D,C,J,E,I,B,A,F,H
0fc34b24-bd34-4a84-8b6a-dd9f110db711,B,E,C,G,D,J,F,H,I,A
72431f5a-daa5-427c-a5ee-74d53a740f40,G,I,A,F,D,C,E,H,J,B
61f1e0ee-8657-4c11-9a5e-bde9f157948a,C,B,F,E,D,J,G,H,A,I
793c087c-48e9-45fd-9628-f72d672bb364,I,D,E,B,F,A,G,C,H,J
98f95007-3cc2-4b37-99b2-749fe468a37a,J,B,I,F,D,H,A,E,G,C
ead5f801-326e-4224-85b6-56afdec638a2,I,J,E,A,F,G,D,C,H,B
148f32b0-90ef-4914-91f1-7878c1c42547,J,A,C,B,F,I,G,D,E,H
95b2d668-23a0-4e29-b16a-c1cf530a076b,B,J,G,D,C,F,I,A,H,E
46b8dab1-bd0e-458f-9073-df307e3b695f,E,G,D,B,H,A,F,J,I,C
f046a991-574a-4ce4-ad0e-6954234211ea,B,J,H,G,C,A,I,E,D,F
3a2ee935-c2f4-4adc-a54a-8155fac7458a,G,D,B,I,C,A,H,J,F,E
